ObjectID,ExhibitionID
23,131
23,891
29,736
29,808
35,788
46,963
47,1008
58,137
58,199
58,971
60,738
60,874
139,958
216,49
216,786
219,189
219,914
219,966
228,798
330,780
338,189
338,199
338,914
338,1008
356,936
392,67
392,178
409,897
409,910
480,788
493,840
499,155
550,963
587,897
604,786
604,818
604,1008
664,821
665,781
685,911
685,936
714,736
714,840
724,818
763,94
764,738
764,893
810,934
828,122
840,793
840,872
867,35
875,29
875,874
875,978
890,216
925,6
925,843
941,936
1044,1008
1061,29
1062,752
1071,189
1071,914
1096,71
1096,197
1096,786
1096,918
1125,736
1125,840
1185,94
1223,959
1246,34
1287,750
1331,739
1371,197
1391,780
1432,8
1432,24
1444,29
1484,71
1484,786
1484,918
1500,840
1584,137
1584,200
1584,914
1584,1008
1628,949
1635,791
1636,791
1704,214
1712,885
1720,214
1720,897
1730,874
1762,780
1763,225
1763,748
1763,821
1768,179
1873,738
1873,893
1897,29
1918,147
1918,752
1918,791
1934,30
1948,163
1948,840
1954,171
1954,748
1954,821
2023,750
2062,29
2062,963
2096,29
2096,883
2104,225
2104,748
2104,821
2147,852
2168,840
2184,42
2215,786
2215,918
2227,148
2243,189
2243,199
2243,201
2261,5
2261,805
2302,34
2318,29
2318,131
2384,482
2384,736
2386,897
2418,8
2418,890
2433,851
2441,151
2494,129
2528,141
2528,753
2528,886
2546,750
2546,795
2546,897
2574,753
2574,760
2574,808
2590,791
2596,750
2672,840
2672,991
2690,35
2690,36
2714,30
2725,15
2737,189
2737,924
2737,993
2771,29
2772,29
2775,11
2788,924
2807,94
2808,208
2817,129
2817,910
2818,889
2823,88
2823,954
2824,201
2824,786
2844,208
2867,8
2867,204
2919,8
2919,24
2919,84
2958,189
2991,781
2995,952
3007,786
3020,878
3027,29
3034,780
3064,791
3081,5
3081,805
3101,813
3101,894
3110,137
3129,955
3195,780
3197,874
3216,130
3227,736
3228,840
3240,988
3260,8
3271,141
3271,886
3281,44
3288,961
3300,131
3334,779
3395,148
3395,155
3402,959
3463,26
3463,147
3463,736
3463,977
3463,998
3556,780
3588,885
3598,113
3598,874
3598,961
3598,967
3614,748
3614,821
3651,94
3651,893
3692,780
3736,131
3757,840
3757,940
3775,739
3775,843
3775,1011
3808,808
3812,113
3821,897
3821,938
3828,81
3856,798
3856,912
3859,1004
3888,959
3895,72
3895,123
3895,176
3895,930
3896,123
3896,192
3991,885
3997,988
3998,34
4074,197
4074,199
4098,911
4165,71
4165,786
4165,894
4165,918
4166,94
4180,819
4205,793
4214,976
4222,108
4242,961
4257,29
4263,911
4265,129
4265,750
4265,966
4340,317
4382,781
4425,94
4428,889
4437,140
4437,978
4556,148
4613,198
4613,786
4638,29
4639,29
4639,893
4639,1003
4741,178
4790,81
4880,139
4880,753
4880,760
4880,779
4880,919
4894,780
4905,158
4905,910
4925,20
4954,178
4967,11
4967,955
4967,975
4992,736
4992,840
5008,750
5054,736
5054,955
5054,975
5112,949
5132,781
5136,104
5168,66
5168,938
5168,994
5214,47
5214,736
5379,886
5379,978
5409,791
5430,910
5449,748
5449,821
5454,34
5454,131
5473,88
5491,28
5508,874
5515,29
5537,24
5537,48
5538,889
5550,97
5565,798
5565,912
5584,129
5584,750
5585,178
5586,20
5586,225
5586,801
5586,955
5586,975
5588,214
5600,137
5600,200
5600,914
5620,29
5621,843
5622,750
5622,893
5632,21
5632,840
5632,978
5634,189
5637,214
5668,141
5668,886
5683,5
5683,805
5697,34
5737,200
5737,971
5749,8
5749,141
5749,886
5749,988
5773,736
5776,209
5785,148
5785,216
5794,94
5849,798
5850,798
5850,912
5912,975
5940,204
5940,794
5942,821
5957,780
5961,969
6053,81
6053,984
6066,791
6067,791
6077,819
6092,911
6113,189
6147,81
6154,81
6154,796
6184,1008
6232,750
6256,988
6288,8
6351,738
6351,893
6401,963
6414,796
6436,158
6498,738
6498,893
6498,909
6501,123
6526,113
6526,940
6538,798
6538,912
6573,48
6620,931
6675,798
6675,912
6675,963
6680,158
6680,802
6689,840
6703,113
6703,158
6703,753
6703,874
6703,910
6734,137
6744,149
6744,966
6746,192
6746,736
6764,129
6764,204
6766,5
6766,805
6795,198
6795,786
6804,131
6804,885
6918,132
6925,30
6925,738
6925,893
6940,163
6940,202
6963,179
6974,131
6974,158
6974,738
6974,802
6974,893
6974,910
6974,963
6984,923
6985,78
7005,993
7020,137
7020,189
7020,914
7020,924
7033,13
7033,97
7033,140
7057,178
7058,155
7076,196
7091,214
7091,897
7119,131
7124,821
7124,947
7134,910
7134,978
7162,10
7172,30
7172,158
7172,910
7172,911
7244,806
7311,20
7311,43
7311,736
7311,840
7329,148
7348,924
7348,998
7412,795
7460,84
7460,928
7461,131
7471,34
7499,798
7509,140
7512,798
7512,912
7513,5
7513,805
7600,750
7600,874
7625,14
7625,739
7625,843
7625,1011
7635,129
7635,910
7635,911
7639,196
7641,113
7641,736
7641,840
7683,30
7699,35
7730,75
7747,24
7751,738
7751,893
7751,947
7752,750
7752,938
7823,801
7823,954
7832,29
7832,131
7857,108
7860,5
7860,805
7867,752
7867,791
7882,29
7882,874
7882,961
7889,35
7889,36
7907,141
7908,196
7925,780
7942,897
7942,952
7943,26
7963,238
7964,147
7964,998
8006,29
8010,129
8053,780
8063,131
8063,202
8116,34
8126,798
8171,155
8213,963
8245,910
8259,139
8259,818
8272,813
8272,820
8292,34
8292,129
8292,911
8292,938
8311,29
8328,931
8338,155
8343,100
8343,808
8401,137
8401,138
8402,5
8402,805
8403,5
8403,805
8438,189
8438,197
8515,5
8515,805
8522,147
8522,752
8522,791
8530,952
8555,192
8591,788
8601,781
8604,88
8616,60
8626,97
8660,42
8660,97
8660,123
8664,197
8670,897
8689,738
8689,791
8689,893
8719,5
8719,805
8719,919
8745,961
8783,791
8812,169
8812,736
8812,808
8812,818
8826,939
8832,50
8843,49
8843,817
8897,988
8925,738
8925,874
8987,748
8987,780
8987,821
9006,885
9018,736
9018,943
9018,975
9086,202
9086,821
9086,955
9096,81
9099,978
9125,191
9157,127
9157,780
9198,50
9226,141
9226,978
9240,81
9321,129
9321,874
9364,786
9367,189
9379,779
9400,885
9405,194
9405,890
9405,905
9441,20
9441,155
9441,192
9441,852
9477,196
9515,1008
9554,71
9554,918
9578,5
9578,805
9600,760
9600,843
9618,71
9618,189
9618,197
9618,201
9618,918
9623,166
9637,201
9663,952
9707,88
9727,137
9727,189
9727,199
9727,914
9752,739
9752,840
9752,978
9752,983
9752,991
9763,137
9786,6
9786,97
9786,173
9808,806
9829,97
9866,736
9866,840
9866,880
9893,123
9893,964
9939,843
9939,1011
9942,30
9942,897
9961,50
9968,224
10004,24
10028,189
10030,13
10051,137
10051,199
10051,200
10051,786
10051,818
10051,914
10051,971
10072,779
10108,886
10109,131
10109,208
10117,50
10152,5
10152,738
10152,805
10154,966
10187,840
10187,991
10240,145
10300,30
10300,34
10300,885
10330,30
10330,196
10335,155
10369,748
10369,821
10375,795
10375,935
10380,795
10380,911
10387,14
10387,739
10387,843
10387,889
10387,1011
10388,123
10388,155
10400,50
10413,137
10413,189
10413,199
10413,223
10414,137
10414,189
10414,199
10522,738
10522,893
10671,780
10675,791
10679,223
10682,795
10682,840
10721,34
10736,791
10736,963
10812,149
10861,50
10902,101
10902,897
10904,788
10907,910
10954,224
10964,874
11011,840
11011,991
11051,738
11051,893
11051,963
11051,1005
11058,820
11058,931
11063,189
11063,200
11063,914
11074,738
11074,893
11082,131
11099,138
11099,218
11099,238
11099,753
11099,760
11099,840
11110,894
11137,149
11142,197
11142,786
11142,820
11148,148
11288,132
11327,910
11334,179
11334,911
11373,108
11379,949
11382,34
11382,140
11395,131
11395,158
11396,158
11396,206
11396,795
11396,984
11424,840
11424,956
11428,108
11459,123
11459,178
11474,141
11474,886
11515,808
11515,924
11515,972
11515,977
11590,984
11619,155
11621,978
11631,874
11657,894
11704,753
11704,760
11770,988
11775,872
11792,200
11824,736
11824,840
11848,29
11848,963
11864,736
11864,840
11864,890
11864,950
11873,798
11873,912
11873,961
11874,189
11896,909
11915,874
11926,952
11927,952
11993,30
11993,88
11993,158
12018,813
12018,941
12052,5
12052,805
12053,15
12138,736
12138,786
12138,808
12138,851
12138,879
12138,924
12138,972
12152,71
12152,189
12152,197
12153,200
12155,148
12155,840
12235,54
12262,91
12262,173
12262,317
12262,739
12262,843
12262,1011
12305,131
12308,966
12315,817
12316,739
12316,843
12316,1011
12325,214
12328,5
12328,805
12329,5
12329,805
12339,123
12339,143
12339,739
12339,954
12355,202
12356,50
12375,66
12375,123
12375,802
12375,910
12382,910
12383,911
12383,966
12391,200
12391,971
12410,189
12410,199
12410,223
12410,753
12410,786
12410,919
12417,26
12417,760
12427,50
12504,736
12504,818
12509,123
12509,806
12516,905
12540,779
12577,137
12577,199
12577,201
12577,224
12577,786
12577,976
12577,993
12578,49
12578,189
12578,817
12598,101
12598,113
12598,215
12624,151
12624,910
12624,963
12644,931
12650,189
12708,29
12708,147
12708,961
12771,158
12771,910
12796,739
12796,843
12796,1011
12797,15
12806,131
12815,795
12815,911
12891,780
12902,209
12902,889
12902,939
12902,978
12919,750
12919,874
12919,907
12919,961
12945,884
12948,798
12948,912
12951,81
12960,137
12962,935
12962,988
12968,35
12993,178
13020,24
13092,97
13120,198
13161,960
13171,178
13187,739
13187,843
13187,1011
13201,196
13241,123
13258,49
13258,189
13258,199
13345,189
13345,971
13359,147
13419,750
13419,816
13419,938
13441,178
13441,955
13441,975
13484,199
13484,201
13484,918
13485,189
13485,199
13505,5
13505,805
13520,224
13520,993
13524,189
13585,101
13585,113
13585,840
13611,949
13649,34
13652,30
13669,46
13700,910
13705,840
13722,791
13731,820
13737,8
13737,15
13737,24
13737,122
13737,132
13840,201
13845,24
13860,750
13860,910
13882,60
13899,791
13903,198
13912,748
13912,821
13912,963
13946,788
13981,197
13996,891
14002,50
14003,736
14003,840
14024,791
14025,791
14051,752
14051,791
14052,791
14095,8
14095,24
14114,963
14140,897
14178,175
14261,24
14274,108
14275,788
14278,738
14278,893
14284,137
14284,189
14284,199
14284,914
14289,940
14334,139
14334,736
14334,808
14334,818
14393,779
14395,81
14422,131
14434,24
14435,988
14438,978
14463,104
14463,155
14553,34
14557,788
14557,948
14567,958
14644,34
14644,752
14743,100
14743,131
14792,200
14792,914
14882,127
14895,924
14905,108
14919,11
14919,20
14919,123
14919,155
14919,840
14930,26
14930,808
14931,84
14956,736
14956,808
14956,955
14974,798
14974,912
14989,813
15004,78
15012,15
15106,874
15128,49
15130,843
15139,993
15211,911
15302,84
15310,748
15310,821
15325,739
15373,840
15397,36
15405,94
15435,158
15435,802
15437,139
15491,141
15491,886
15588,167
15588,840
15595,736
15595,924
15595,972
15672,910
15672,934
15719,969
15722,201
15724,802
15788,94
15834,155
15834,840
15834,880
15849,24
15853,101
15853,209
15853,840
15877,15
15961,913
15962,959
15977,147
15977,791
16011,131
16014,189
16014,223
16014,914
16128,780
16145,942
16145,993
16161,791
16217,208
16255,963
16267,820
16275,192
16275,934
16278,840
16343,910
16343,911
16349,35
16349,36
16362,35
16376,897
16377,147
16377,907
16377,963
16388,984
16405,123
16420,130
16427,736
16427,808
16429,952
16440,238
16440,739
16440,843
16440,1011
16470,94
16516,35
16543,813
16550,8
16550,57
16550,131
16550,132
16613,97
16613,140
16642,748
16642,821
16649,132
16649,171
16660,197
16660,820
16670,739
16670,843
16670,1011
16702,15
16702,148
16702,809
16702,955
16709,736
16712,984
16722,179
16722,978
16739,15
16740,954
16768,94
16777,918
16828,129
16828,961
16888,963
16894,791
16895,791
16935,948
16968,137
16968,200
16968,914
17010,897
17017,209
17077,818
17077,913
17094,889
17111,779
17111,919
17113,748
17113,821
17140,48
17170,753
17170,760
17194,34
17216,939
17237,779
17237,978
17246,736
17246,840
17269,14
17269,939
17269,949
17276,123
17276,840
17301,50
17360,910
17360,966
17361,130
17383,158
17474,50
17511,736
17524,98
17524,167
17524,779
17524,919
17525,840
17541,127
17541,137
17541,189
17541,914
17589,978
17605,189
17605,200
17605,786
17605,914
17613,782
17624,196
17638,84
17720,841
17721,795
17764,753
17831,97
17831,140
17845,238
17846,131
17969,795
17994,972
18023,71
18025,897
18027,948
18060,168
18060,192
18060,238
18060,840
18061,739
18061,843
18061,1011
18090,963
18109,108
18133,843
18133,1011
18151,142
18229,196
18239,786
18286,223
18286,753
18286,760
18316,169
18328,166
18373,128
18379,192
18379,736
18379,809
18379,955
18379,975
18380,192
18380,840
18384,791
18405,200
18405,914
18410,937
18410,1010
18411,131
18411,852
18524,760
18548,820
18581,872
18591,889
18615,813
18615,894
18615,941
18659,218
18659,238
18675,843
18676,739
18676,843
18676,1011
18684,158
18684,750
18684,795
18684,984
18698,113
18698,889
18698,939
18698,969
18735,8
18747,97
18747,140
18784,795
18784,889
18810,928
18810,939
18810,940
18810,978
18816,206
18840,736
18840,808
18840,964
18847,200
18847,914
18849,100
18849,818
18849,960
18850,897
18859,137
18942,840
18970,94
18980,739
19019,840
19019,991
19025,852
19025,960
19049,841
19049,963
19050,66
19050,739
19058,813
19088,780
19106,22
19124,5
19124,805
19212,15
19212,779
19228,189
19301,189
19301,786
19315,196
19381,8
19381,21
19381,24
19424,959
19432,29
19432,738
19432,893
19435,189
19435,199
19435,993
19447,780
19454,35
19454,36
19480,993
19482,34
19482,129
19490,46
19490,897
19499,5
19499,805
19510,200
19510,914
19510,1008
19569,889
19570,179
19570,736
19570,808
19580,914
19637,739
19637,843
19637,1011
19751,34
19796,129
19809,84
19810,802
19815,821
19831,780
19877,43
19877,158
19905,801
19908,178
19908,843
19934,874
19945,780
19945,891
19945,1004
19950,808
19950,954
20002,29
20004,6
20004,42
20004,97
20004,317
20004,736
20004,840
20022,29
20034,911
20067,97
20067,140
20115,141
20115,780
20123,137
20145,798
20145,912
20155,738
20155,893
20155,963
20157,158
20157,910
20158,114
20160,1008
20184,798
20184,912
20187,736
20187,818
20199,50
20203,131
20228,780
20228,1004
20267,29
20278,753
20278,919
20285,84
20287,50
20290,1008
20311,30
20312,780
20345,954
20358,760
20360,44
20382,148
20382,317
20409,29
20409,753
20409,760
20420,5
20420,805
20454,204
20460,736
20460,808
20483,750
20483,787
20483,790
20499,779
20505,8
20506,966
20551,954
20569,34
20569,129
20569,750
20569,961
20575,24
20584,910
20588,29
20614,75
20614,129
20614,753
20614,909
20619,782
20739,20
20762,153
20762,843
20777,158
20777,802
20778,158
20797,26
20797,151
20797,192
20797,736
20797,840
20858,129
20904,50
20915,200
20915,914
20939,113
20940,11
20998,189
21020,29
21023,122
21023,215
21023,753
21023,760
21023,919
21029,131
21031,137
21129,29
21140,738
21140,893
21140,897
21157,158
21172,198
21200,50
21212,934
21225,780
21375,8
21375,204
21375,796
21381,189
21399,13
21415,786
21416,819
21416,874
21453,129
21453,196
21453,750
21503,739
21503,843
21503,1011
21516,780
21527,793
21528,29
21553,798
21573,189
21577,147
21577,752
21577,791
21577,841
21585,204
21598,889
21598,988
21603,984
21660,48
21660,137
21660,817
21662,81
21663,137
21663,200
21663,914
21695,750
21695,897
21741,753
21741,819
21764,141
21769,71
21769,918
21773,147
21773,907
21773,924
21773,963
21820,819
21829,23
21829,47
21829,748
21829,821
21869,96
21869,753
21869,818
21906,141
21907,94
21945,29
21958,779
21999,34
22019,189
22019,199
22019,914
22043,11
22043,131
22043,753
22043,760
22043,963
22073,809
22100,30
22112,103
22112,806
22112,809
22112,955
22112,975
22113,158
22113,911
22127,200
22127,914
22133,109
22133,129
22133,159
22133,750
22133,795
22133,938
22133,988
22183,131
22183,748
22183,821
22207,122
22207,753
22207,760
22207,840
22241,897
22248,5
22248,805
22278,5
22278,805
22294,84
22315,29
22315,131
22316,29
22319,214
22349,817
22390,189
22390,224
22390,914
22393,748
22393,821
22396,793
22414,50
22475,158
22489,94
22494,753
22494,760
22494,955
22494,975
22495,131
22534,192
22534,215
22534,753
22534,760
22534,840
22563,84
22575,24
22575,949
22603,158
22603,889
22672,791
22690,886
22735,840
22735,890
22759,197
22763,48
22763,49
22763,189
22763,817
22770,97
22775,29
22820,934
22911,94
22911,131
22925,29
22971,738
22971,893
22979,911
23003,34
23011,8
23016,897
23029,204
23052,780
23052,788
23078,29
23078,738
23078,893
23193,748
23193,821
23229,949
23266,34
23266,132
23308,198
23364,780
23379,137
23379,200
23379,914
23379,1008
23397,196
23399,48
23399,779
23399,808
23399,817
23419,779
23427,22
23434,780
23435,889
23435,988
23461,956
23495,897
23521,113
23521,218
23538,949
23567,897
23602,101
23611,141
23611,886
23632,49
23637,84
23644,891
23644,975
23705,129
23705,750
23719,16
23719,81
23723,81
23723,214
23723,889
23723,949
23724,949
23753,97
23753,192
23754,123
23754,192
23754,736
23754,840
23771,189
23773,167
23773,779
23777,42
23795,158
23795,225
23795,910
23824,966
23848,175
23848,884
23866,164
23880,798
23880,912
23949,108
23949,127
23959,197
23962,49
23974,50
23985,840
23985,930
24003,937
24073,131
24076,5
24076,805
24164,738
24164,893
24170,139
24170,149
24170,753
24170,760
24170,818
24198,874
24281,885
24372,948
24394,224
24426,49
24426,786
24426,817
24428,139
24440,821
24443,29
24453,8
24484,151
24484,158
24550,894
24552,840
24582,139
24586,131
24586,911
24631,750
24631,874
24680,137
24701,158
24726,798
24726,912
24727,189
24733,48
24741,50
24741,84
24819,984
24820,948
24825,11
24825,20
24825,179
24825,963
24843,29
24864,993
24869,182
24876,148
24876,220
24880,204
24881,840
24896,238
24896,840
24952,123
24952,192
24952,736
24952,779
24952,808
24952,919
24956,874
24956,966
24958,967
24959,948
24965,798
24965,912
25012,123
25026,94
25090,35
25106,8
25118,966
25127,843
25133,924
25133,972
25140,993
25159,50
25161,71
25161,201
25161,786
25161,820
25161,918
25161,931
25196,127
25196,780
25197,128
25197,225
25212,885
25230,46
25253,66
25253,897
25253,937
25253,1010
25278,780
25326,795
25339,123
25351,139
25351,840
25355,924
25355,993
25356,840
25356,964
25366,813
25367,813
25405,168
25554,786
25554,821
25567,137
25567,189
25570,129
25570,897
25582,71
25583,786
25589,911
25632,738
25632,893
25632,966
25671,874
25677,238
25677,736
25677,840
25716,151
25717,100
25717,954
25731,24
25773,781
25784,179
25784,972
25792,84
25806,49
25839,88
25839,137
25839,189
25847,813
25888,958
25910,753
25910,760
25910,808
25974,29
25978,780
25985,795
25985,889
25986,961
26007,739
26007,843
26007,1011
26023,874
26026,984
26027,147
26027,750
26027,791
26042,978
26087,15
26121,137
26129,29
26176,956
26176,978
26207,141
26207,886
26207,966
26208,35
26208,36
26234,886
26250,97
26250,140
26267,738
26267,893
26287,148
26296,29
26323,114
26323,122
26323,753
26323,760
26323,779
26323,954
26335,123
26335,739
26335,843
26335,1011
26337,196
26337,738
26337,893
26374,886
26432,204
26432,796
26463,738
26463,874
26464,147
26464,738
26464,893
26513,129
26547,736
26547,840
26553,978
26563,129
26563,897
26564,198
26636,81
26671,840
26681,94
26683,94
26736,840
26752,780
26764,94
26816,84
26854,750
26869,818
26888,94
26904,840
26947,138
26947,779
26970,72
26970,238
26971,841
26971,963
26990,30
27061,919
27065,35
27070,779
27070,818
27092,75
27092,129
27092,750
27093,930
27094,961
27121,796
27122,955
27198,781
27214,107
27214,739
27214,1000
27253,81
27256,840
27256,991
27257,189
27267,35
27291,50
27313,897
27370,71
27370,820
27415,791
27416,791
27433,139
27433,808
27476,748
27476,821
27476,977
27476,998
27574,821
27574,892
27635,978
27645,81
27663,198
27663,201
27671,106
27671,129
27671,750
27671,897
27671,967
27702,123
27702,739
27720,753
27720,760
27727,813
27754,949
27784,20
27784,748
27784,821
27784,975
27802,204
27802,794
27802,795
27857,787
27887,736
27887,808
27888,71
27888,918
27902,806
27902,809
27915,796
27941,798
27953,140
27986,8
28002,972
28007,934
28026,739
28026,843
28026,1011
28143,123
28176,8
28216,130
28216,809
28228,198
28243,24
28243,84
28244,81
28260,911
28295,131
28319,8
28319,24
28319,54
28332,141
28332,886
28362,127
28362,177
28383,129
28383,739
28383,889
28383,897
28383,911
28383,967
28403,29
28420,795
28474,15
28481,918
28504,958
28517,813
28520,930
28535,224
28581,197
28581,993
28583,874
28584,963
28610,736
28651,780
28677,5
28677,805
28677,919
28683,791
28720,21
28720,890
28720,950
28723,894
28733,198
28734,198
28734,786
28758,208
28759,964
28782,793
28782,872
28823,786
28848,84
28935,129
28935,874
28935,963
28936,994
28938,151
28938,963
28956,894
28957,129
28964,66
28964,129
28964,938
28986,809
28986,910
29010,779
29056,791
29058,5
29058,805
29059,5
29059,805
29066,200
29066,914
29066,971
29070,50
29073,937
29075,795
29096,918
29123,212
29123,753
29123,808
29148,738
29148,893
29150,819
29150,910
29166,214
29166,911
29178,108
29178,891
29233,897
29276,108
29282,872
29301,780
29304,94
29319,178
29324,840
29329,158
29329,192
29329,910
29344,793
29344,872
29344,966
29509,24
29509,84
29522,786
29536,97
29571,780
29573,123
29573,192
29575,874
29575,961
29600,894
29602,29
29603,29
29622,931
29655,750
29655,893
29655,948
29662,48
29662,808
29662,817
29697,24
29798,238
29798,840
29802,748
29802,821
29802,954
29809,94
29853,874
29853,961
29877,99
29886,131
29886,148
29886,192
29968,202
29995,738
29995,893
30008,317
30065,189
30086,94
30086,760
30110,81
30125,874
30145,189
30195,10
30195,20
30195,123
30195,192
30195,736
30195,840
30197,123
30197,739
30197,843
30197,1011
30206,813
30215,952
30241,129
30241,131
30263,198
30279,131
30286,151
30287,81
30309,757
30309,843
30380,29
30380,750
30397,29
30403,97
30403,140
30488,200
30488,914
30488,1008
30535,49
30535,189
30535,753
30535,971
30559,809
30575,220
30613,791
30614,51
30614,955
30614,975
30615,189
30615,199
30615,223
30615,914
30657,984
30667,798
30667,912
30685,798
30685,912
30705,209
30705,937
30705,994
30708,976
30804,791
30813,1008
30845,978
30881,821
30882,58
30882,138
30882,155
30882,955
30882,975
30903,919
30920,100
30920,852
30921,97
30921,140
30923,35
30923,36
30926,71
30926,189
30926,199
30926,201
30926,786
30926,918
30943,736
31014,132
31039,780
31086,148
31089,952
31107,952
31161,204
31161,794
31169,780
31220,780
31269,204
31269,794
31286,874
31293,780
31312,793
31312,872
31314,971
31319,882
31332,780
31337,142
31344,137
31344,189
31344,786
31344,914
31347,137
31347,189
31347,199
31347,223
31347,753
31347,760
31347,971
31350,119
31350,131
31376,81
31400,993
31401,20
31401,66
31401,80
31401,938
31423,149
31447,963
31520,952
31541,29
31543,29
31560,817
31561,897
31585,15
31595,218
31595,238
31602,5
31602,805
31635,149
31716,24
31741,60
31741,97
31779,128
31786,137
31786,189
31786,924
31790,8
31841,739
31842,840
31848,129
31892,169
31912,75
31912,748
31912,821
31912,909
31962,788
31962,820
31967,123
31969,72
31969,795
31969,978
31974,49
31986,8
32052,317
32094,71
32094,137
32094,189
32094,786
32094,820
32094,918
32094,993
32106,131
32108,97
32142,84
32155,84
32165,425
32165,840
32213,886
32232,24
32237,978
32257,128
32258,791
32275,81
32275,978
32282,44
32327,963
32353,820
32388,753
32388,760
32388,818
32400,934
32404,204
32426,124
32427,84
32434,874
32434,978
32442,791
32469,911
32490,94
32509,50
32515,911
32519,36
32563,840
32575,919
32581,137
32581,894
32584,780
32592,5
32592,805
32595,947
32602,910
32603,5
32603,805
32604,5
32604,805
32617,137
32617,189
32617,993
32680,817
32688,131
32688,780
32694,24
32694,176
32695,29
32706,88
32706,137
32706,189
32706,924
32739,129
32758,6
32758,168
32758,840
32767,214
32793,1010
32797,29
32822,736
32822,840
32852,192
32852,840
32852,930
32869,189
32888,795
32888,897
32888,967
32922,748
32922,821
32962,108
32973,30
32973,196
32974,798
32974,912
32975,798
32975,912
33013,158
33015,141
33015,753
33015,886
33044,910
33062,911
33094,24
33094,975
33105,85
33108,738
33108,893
33146,840
33146,991
33181,196
33181,910
33181,911
33259,748
33259,780
33259,821
33277,817
33279,202
33279,963
33334,22
33364,800
33403,786
33410,910
33438,791
33443,978
33454,88
33454,739
33454,809
33454,843
33454,1011
33455,782
33464,123
33464,840
33470,791
33522,874
33524,131
33524,748
33524,821
33562,50
33562,101
33571,149
33587,108
33588,196
33593,890
33598,29
33598,131
33642,148
33642,753
33642,840
33642,956
33651,750
33680,780
33688,34
33688,132
33721,809
33735,5
33735,805
33787,988
33836,21
33836,890
33894,24
33894,34
33894,57
33894,132
33895,948
33921,820
33934,34
33934,131
33934,748
33934,821
33945,950
33957,30
33963,795
33988,843
34011,30
34011,738
34011,893
34021,178
34031,94
34164,49
34164,189
34164,817
34170,993
34198,11
34246,791
34247,189
34250,34
34254,208
34280,100
34313,50
34314,50
34328,122
34328,123
34328,753
34328,760
34328,840
34351,818
34404,131
34404,886
34440,8
34440,34
34443,919
34457,49
34457,817
34460,891
34494,874
34551,781
34565,791
34578,158
34578,910
34596,739
34622,958
34635,24
34635,84
34635,113
34635,209
34635,939
34635,969
34638,780
34640,158
34640,802
34641,936
34641,994
34641,1010
34643,34
34643,795
34645,897
34663,29
34664,132
34683,149
34740,820
34823,175
34834,8
34834,24
34868,29
34923,91
34923,123
34991,192
34991,840
35035,42
35038,84
35056,129
35056,750
35057,914
35057,993
35109,206
35111,97
35118,5
35118,805
35129,910
35155,813
35156,813
35156,894
35167,934
35177,780
35206,840
35206,991
35224,780
35227,891
35266,780
35274,897
35316,482
35320,129
35320,809
35320,897
35320,910
35334,780
35362,11
35362,20
35362,155
35368,129
35389,108
35410,971
35413,139
35413,149
35413,818
35442,780
35449,163
35449,840
35480,961
35499,976
35565,123
35570,176
35570,192
35571,53
35571,317
35571,840
35582,30
35582,753
35582,760
35582,885
35610,20
35610,37
35610,123
35610,808
35610,840
35634,60
35658,137
35658,189
35693,818
35697,94
35699,1008
35700,94
35783,780
35785,736
35794,6
35794,148
35794,155
35794,192
35794,317
35817,29
35875,200
35875,914
35878,911
35878,988
35890,169
35890,808
35893,189
35893,197
36025,978
36048,206
36048,984
36056,753
36060,49
36067,780
36078,748
36078,780
36078,821
36092,13
36092,930
36135,928
36136,209
36200,780
36213,35
36213,36
36214,959
36228,94
36266,736
36266,840
36270,5
36270,805
36281,141
36281,886
36332,753
36332,760
36332,818
36369,46
36369,72
36369,889
36369,934
36416,163
36417,79
36417,736
36417,840
36510,8
36510,34
36510,141
36510,886
36569,750
36569,874
36570,779
36583,911
36607,736
36616,788
36626,192
36638,201
36639,37
36639,840
36674,874
36699,897
36702,34
36702,752
36804,801
36834,139
36873,980
36928,94
36975,874
37011,780
37035,35
37035,36
37081,29
37231,959
37253,131
37300,81
37322,35
37322,36
37329,936
37329,994
37356,798
37356,912
37409,132
37456,127
37503,35
37503,959
37566,937
37592,94
37609,200
37609,914
37639,149
37652,813
37656,189
37656,197
37711,214
37713,998
37747,129
37747,131
37747,750
37747,885
37776,779
37835,795
37840,806
37840,840
37882,818
37882,966
37929,813
38105,212
38158,976
38182,123
38182,155
38182,840
38182,939
38182,940
38182,980
38209,843
38209,1011
38222,137
38222,199
38222,200
38222,914
38235,780
38244,177
38244,178
38288,84
38292,151
38292,736
38320,97
38320,840
38321,736
38321,786
38321,808
38321,923
38321,972
38338,198
38350,793
38352,29
38352,874
38356,81
38356,191
38405,158
38405,802
38412,200
38412,914
38418,132
38418,137
38418,189
38418,199
38418,977
38442,949
38443,949
38463,140
38472,137
38472,200
38472,914
38472,993
38494,963
38522,132
38598,130
38624,29
38624,131
38641,131
38641,158
38649,20
38649,148
38649,934
38655,48
38655,819
38662,155
38698,130
38744,97
38744,123
38771,738
38771,893
38878,141
38912,223
38950,131
38958,24
38983,129
38983,988
39007,840
39013,200
39013,914
39097,934
39131,29
39154,798
39154,912
39155,798
39155,912
39187,788
39232,34
39232,911
39241,148
39328,782
39329,809
39329,840
39330,919
39337,50
39394,779
39400,739
39416,780
39445,852
39445,960
39461,158
39461,802
39461,910
39478,813
39495,224
39495,786
39498,798
39517,959
39551,131
39551,818
39556,206
39556,840
39557,29
39557,874
39569,60
39569,97
39569,140
39569,176
39582,819
39632,204
39632,796
39753,81
39804,75
39804,963
39828,167
39828,212
39840,798
39879,911
39885,43
39885,123
39930,952
39937,911
39950,808
39989,948
40009,885
40034,5
40034,805
40048,34
40064,952
40100,15
40120,777
40120,787
40120,790
40127,158
40140,753
40140,947
40141,947
40160,843
40209,782
40225,5
40225,738
40225,805
40272,214
40288,11
40288,20
40288,122
40288,753
40288,760
40288,955
40300,192
40318,736
40318,840
40461,84
40490,791
40498,66
40498,176
40498,935
40498,1010
40516,909
40565,137
40565,189
40565,786
40565,924
40567,49
40567,189
40567,199
40567,971
40578,736
40578,808
40578,818
40584,97
40587,35
40591,894
40595,20
40595,139
40595,880
40601,204
40601,796
40604,29
40647,206
40647,984
40665,29
40679,189
40679,786
40680,189
40680,976
40684,81
40703,88
40722,123
40786,201
40790,786
40809,196
40809,750
40809,963
40824,66
40824,158
40824,802
40841,128
40855,795
40896,791
40897,791
40904,148
40945,212
40945,795
40963,738
40963,893
40994,880
41004,948
41005,874
41055,897
41072,94
41072,738
41081,808
41081,919
41093,129
41093,738
41093,893
41109,197
41126,753
41126,760
41130,238
41130,739
41130,809
41130,843
41130,1011
41144,813
41168,66
41168,204
41168,897
41168,910
41168,1010
41196,139
41216,94
41227,130
41260,843
41293,137
41293,200
41293,224
41293,914
41293,1008
41294,189
41299,100
41299,852
41305,786
41306,97
41306,140
41327,964
41328,794
41333,808
41333,954
41390,34
41395,30
41395,34
41395,129
41395,750
41411,910
41412,137
41412,189
41412,914
41413,137
41413,189
41430,840
41442,131
41442,738
41442,893
41483,81
41524,94
41534,964
41537,158
41538,961
41565,151
41565,910
41599,5
41599,805
41618,952
41634,94
41652,808
41699,75
41699,801
41699,909
41713,911
41717,215
41717,753
41717,760
41717,840
41723,60
41723,97
41723,140
41727,779
41894,780
41900,739
41900,843
41900,1011
41918,800
41965,791
41995,798
41995,912
42022,35
42045,148
42067,993
42091,158
42091,897
42102,204
42102,794
42102,988
42131,34
42131,910
42143,132
42155,137
42191,791
42241,971
42263,131
42287,123
42305,196
42306,66
42306,158
42306,739
42306,894
42307,29
42333,782
42353,931
42370,753
42370,760
42401,971
42436,780
42447,29
42503,1010
42527,189
42538,84
42545,886
42547,29
42560,178
42616,129
42616,739
42631,750
42631,787
42631,790
42686,29
42687,29
42704,29
42704,738
42704,893
42722,21
42722,840
42722,890
42722,978
42744,15
42744,75
42745,5
42745,805
42746,5
42746,805
42761,8
42761,21
42780,100
42780,177
42780,852
42793,15
42793,24
42812,189
42812,914
42841,813
42841,820
42863,960
42881,30
42881,196
42912,817
42913,129
42913,158
42913,910
42938,971
42944,24
42999,196
43014,35
43014,36
43025,173
43025,192
43025,840
43031,736
43031,808
43056,5
43056,805
43074,5
43074,805
43096,129
43096,750
43111,129
43111,750
43148,11
43150,29
43150,147
43199,202
43199,978
43245,238
43245,840
43248,198
43262,910
43288,15
43288,190
43291,148
43344,958
43352,801
43407,931
43413,787
43414,29
43448,798
43450,786
43456,801
43456,955
43463,148
43507,748
43507,821
43522,129
43566,137
43566,189
43597,26
43597,75
43597,892
43609,198
43638,204
43638,794
43652,153
43669,30
43669,196
43676,793
43679,5
43679,805
43680,5
43680,805
43755,936
43812,158
43851,204
43851,794
43856,840
43944,30
43955,71
43955,137
43955,189
43955,918
43956,189
43956,199
43956,818
43956,914
44024,779
44029,48
44029,819
44058,24
44058,34
44077,738
44077,819
44077,893
44086,795
44124,780
44125,149
44172,196
44218,923
44226,189
44303,897
44306,8
44384,29
44385,894
44387,11
44387,20
44387,163
44387,202
44446,984
44474,200
44488,934
44506,748
44506,821
44525,753
44525,819
44525,923
44548,88
44548,192
44548,238
44575,793
44614,75
44614,129
44646,897
44647,129
44647,158
44647,750
44647,936
44647,1010
44648,780
44664,963
44668,736
44668,840
44671,137
44680,736
44681,780
44705,137
44705,189
44705,914
44720,97
44720,140
44821,50
44841,148
44841,739
44841,843
44841,1011
44851,30
44868,5
44868,805
44876,148
44882,129
44882,214
44882,750
44882,897
44882,911
44898,123
44898,238
44913,71
44913,112
44913,189
44913,197
44913,201
44913,786
44913,820
44913,918
44923,196
44935,60
44941,50
44967,5
44967,805
45044,34
45044,129
45050,924
45051,964
45076,30
45076,158
45076,874
45076,910
45097,192
45111,158
45123,16
45123,949
45127,132
45157,108
45157,780
45181,911
45191,780
45192,780
45202,88
45202,137
45202,189
45252,50
45252,84
45259,124
45259,129
45302,137
45302,189
45302,224
45304,137
45304,189
45309,843
45309,930
45310,189
45325,149
45325,155
45325,192
45325,818
45338,779
45361,840
45361,991
45383,49
45383,817
45388,108
45402,911
45409,840
45414,71
45414,201
45414,786
45414,918
45414,931
45422,791
45439,129
45439,750
45439,889
45439,988
45476,204
45476,794
45540,5
45540,805
45572,840
45629,129
45629,131
45629,750
45629,820
45662,948
45674,129
45674,874
45685,208
45696,956
45717,780
45725,129
45725,753
45725,760
45738,128
45747,939
45747,978
45774,843
45789,49
45790,108
45809,168
45859,30
45923,141
45923,886
45923,975
45927,34
45936,148
45945,35
45962,819
45965,874
45978,88
45978,158
45978,885
45981,897
45989,795
46038,795
46038,841
46071,100
46071,852
46071,960
46071,978
46112,984
46138,911
46138,919
46141,94
46169,94
46181,35
46181,959
46192,966
46196,49
46196,189
46196,817
46240,959
46244,35
46244,959
46266,821
46294,35
46294,958
46296,779
46299,24
46319,81
46319,206
46319,840
46319,991
46320,949
46323,738
46323,885
46323,893
46345,791
46348,137
46349,189
46383,29
46410,204
46410,952
46443,931
46444,129
46454,738
46454,893
46486,8
46534,113
46534,874
46538,798
46539,24
46539,34
46539,171
46605,739
46605,843
46605,1011
46606,131
46612,802
46613,937
46631,207
46631,874
46652,793
46652,872
46654,155
46688,136
46688,954
46693,738
46693,893
46693,961
46711,939
46711,978
46712,779
46714,94
46729,753
46729,760
46729,919
46740,108
46743,103
46743,155
46766,29
46832,158
46833,911
46861,163
46861,177
46861,192
46861,840
46889,813
46902,54
46902,736
46902,840
46902,890
46902,978
46910,36
46914,148
46914,753
46914,760
46914,806
46914,924
46914,972
46925,1008
46977,108
47010,883
47074,107
47074,958
47097,959
47123,840
47153,736
47153,924
47153,972
47167,123
47167,143
47167,739
47167,843
47167,1011
47194,923
47244,130
47253,918
47256,75
47256,131
47256,852
47270,791
47303,50
47318,75
47322,131
47322,910
47322,963
47334,107
47376,786
47376,993
47389,35
47417,1010
47458,30
47458,130
47458,753
47493,840
47536,123
47570,955
47581,202
47600,91
47600,97
47611,122
47632,780
47694,201
47694,786
47701,94
47702,94
47712,8
47715,84
47721,964
47747,34
47747,158
47747,802
47790,738
47790,874
47791,738
47791,893
47903,34
47904,84
47904,113
47904,978
47912,750
47912,938
47983,97
47983,140
47995,964
48009,780
48021,808
48023,949
48045,129
48072,874
48085,104
48110,795
48153,808
48177,976
48184,780
48199,30
48222,138
48222,192
48222,238
48222,955
48222,975
48313,137
48325,753
48325,760
48325,808
48325,978
48340,196
48340,738
48340,893
48340,910
48340,911
48349,964
48359,808
48360,192
48390,964
48394,196
48475,151
48496,1008
48511,980
48587,8
48587,131
48587,132
48598,84
48598,204
48598,952
48618,886
48646,178
48713,819
48752,791
48793,137
48809,29
48872,841
48872,907
48917,130
48955,788
48990,158
48990,802
48999,94
49003,208
49023,949
49054,808
49054,840
49078,786
49125,5
49125,805
49126,5
49126,805
49146,910
49146,988
49200,813
49215,158
49217,760
49255,24
49268,34
49268,937
49275,910
49343,934
49354,97
49397,998
49401,897
49517,84
49541,753
49541,760
49541,779
49575,748
49575,780
49575,821
49578,148
49607,802
49609,34
49609,802
49609,897
49610,34
49610,802
49610,910
49694,117
49694,204
49703,910
49703,911
49703,988
49771,151
49771,840
49771,950
49882,95
49920,46
49920,123
49920,192
49920,238
49923,139
49934,791
49943,1004
49945,44
49974,964
50006,198
50006,786
50028,889
50028,967
50032,189
50035,131
50035,955
50035,975
50042,750
50042,874
50042,976
50052,911
50064,173
50076,208
50116,158
50116,910
50121,140
50121,153
50122,171
50122,955
50122,975
50155,739
50155,840
50155,1011
50163,123
50193,891
50196,739
50196,813
50248,129
50248,750
50249,840
50295,748
50295,821
50334,894
50344,753
50344,760
50385,809
50392,208
50417,122
50417,215
50417,753
50417,760
50417,840
50497,125
50497,142
50497,173
50497,739
50497,843
50497,1011
50520,207
50520,750
50520,923
50527,178
50565,94
50567,171
50567,221
50567,808
50588,81
50588,191
50595,208
50601,978
50679,131
50680,984
50698,127
50698,155
50698,192
50698,818
50700,937
50700,1010
50734,843
50734,885
50735,131
50760,189
50760,199
50760,223
50760,786
50760,993
50805,11
50805,808
50806,35
50806,36
50874,71
50874,197
50874,199
50874,201
50874,786
50874,918
50876,35
50945,779
50984,930
51025,843
51031,29
51041,148
51086,108
51108,24
51109,204
51115,137
51116,786
51134,137
51141,29
51144,158
51144,910
51158,94
51159,753
51159,760
51165,88
51165,238
51202,886
51223,192
51223,840
51243,911
51245,24
51245,72
51307,81
51307,840
51307,991
51319,793
51339,5
51339,805
51355,29
51419,874
51474,984
51487,5
51487,805
51515,30
51515,158
51515,910
51537,97
51554,886
51598,123
51598,182
51617,137
51621,200
51621,223
51621,914
51652,780
51652,955
51677,96
51677,753
51677,808
51680,34
51763,224
51802,119
51802,720
51802,975
51836,882
51847,820
51849,192
51849,736
51849,840
51893,958
51920,155
51920,753
51920,840
51929,780
51929,891
51941,34
51941,129
51941,750
51988,50
51988,84
52024,35
52024,36
52027,5
52027,805
52028,5
52028,805
52035,802
52040,71
52040,918
52061,966
52090,108
52096,201
52096,820
52104,29
52104,963
52176,200
52176,914
52176,1008
52177,196
52208,935
52215,966
52229,24
52238,113
52238,129
52238,938
52238,994
52238,1010
52275,72
52275,97
52275,140
52307,882
52320,798
52320,912
52335,71
52335,197
52335,820
52352,71
52352,137
52352,189
52352,197
52352,199
52352,201
52352,786
52352,918
52363,34
52372,897
52400,88
52410,795
52423,897
52435,30
52435,910
52438,122
52438,225
52438,801
52438,852
52438,960
52456,813
52456,820
52464,153
52464,173
52468,29
52471,739
52471,843
52482,29
52493,934
52500,549
52533,739
52550,793
52571,748
52571,821
52571,977
52658,148
52722,798
52722,912
52739,819
52743,958
52769,196
52790,71
52795,155
52796,155
52807,200
52807,914
52813,934
52815,129
52815,158
52816,35
52821,8
52833,911
52879,128
52892,158
52892,802
52892,910
52892,963
52904,1008
52978,182
52979,788
52981,8
53002,11
53002,20
53002,963
53021,72
53021,168
53021,840
53021,930
53047,840
53061,795
53185,10
53185,155
53185,192
53193,29
53194,21
53237,129
53237,984
53244,30
53248,29
53257,779
53279,753
53279,760
53299,128
53315,779
53342,97
53379,791
53394,840
53401,35
53401,36
53435,141
53455,81
53477,798
53477,912
53522,813
53523,813
53523,894
53565,817
53581,963
53597,795
53638,976
53643,736
53643,840
53672,94
53704,200
53704,914
53704,1008
53733,840
53737,131
53754,798
53754,912
53767,936
53767,994
53778,34
53795,795
53844,129
53864,910
53869,793
53900,189
53928,149
53930,29
54031,108
54045,5
54045,805
54113,791
54120,131
54120,139
54120,779
54120,818
54177,808
54178,200
54178,914
54196,151
54205,798
54205,912
54231,911
54255,886
54274,224
54277,208
54299,885
54311,934
54331,192
54331,788
54331,955
54331,975
54368,224
54368,993
54458,753
54458,886
54460,199
54460,200
54460,914
54463,872
54501,5
54501,805
54503,840
54525,123
54525,739
54525,843
54525,1011
54535,178
54537,840
54537,930
54541,779
54548,48
54548,158
54548,750
54548,802
54548,910
54548,1004
54552,137
54554,840
54564,5
54564,805
54579,122
54579,148
54579,155
54579,192
54579,753
54579,808
54579,840
54602,760
54616,148
54666,22
54677,1004
54686,971
54708,34
54708,158
54708,910
54714,131
54719,738
54719,893
54720,885
54724,88
54724,141
54724,886
54731,196
54740,738
54740,893
54786,192
54786,840
54803,1008
54818,50
54833,808
54833,924
54833,972
54834,978
54836,13
54836,91
54836,190
54843,739
54843,843
54843,1011
54862,186
54862,739
54994,225
54994,748
54994,821
55052,97
55052,173
55082,736
55096,955
55123,189
55214,50
55274,123
55274,155
55274,192
55274,955
55274,975
55324,978
55376,71
55376,918
55454,84
55456,954
55458,214
55474,910
55474,984
55498,108
55505,137
55505,200
55505,760
55505,914
55508,907
55508,963
55538,129
55549,108
55607,874
55607,966
55613,50
55655,50
55661,108
55671,840
55703,148
55725,5
55725,805
55726,5
55726,805
55729,795
55729,910
55840,107
55857,911
55931,97
55969,91
56086,223
56099,840
56138,5
56138,805
56174,796
56189,894
56189,937
56189,994
56197,30
56197,158
56197,802
56197,874
56209,223
56209,786
56209,963
56213,29
56256,189
56262,84
56262,204
56262,794
56263,158
56263,219
56267,24
56267,50
56267,84
56329,786
56329,977
56395,940
56418,993
56419,112
56419,137
56419,189
56419,199
56419,786
56419,818
56419,914
56419,1008
56421,189
56423,50
56476,214
56488,48
56493,189
56497,224
56497,993
56525,204
56539,112
56539,189
56539,786
56546,204
56546,794
56566,753
56566,760
56566,978
56601,198
56606,886
56614,890
56617,131
56675,60
56675,84
56704,5
56704,805
56738,978
56757,147
56757,791
56761,8
56761,891
56872,189
56891,171
56900,736
56902,739
56902,843
56902,1011
56919,911
56945,750
56945,795
56945,988
56962,791
56963,748
56963,821
56963,894
56976,791
56991,966
56992,753
56992,760
57056,204
57056,794
57056,795
57085,129
57085,885
57085,954
57095,930
57095,964
57105,950
57191,137
57191,223
57191,224
57191,753
57191,760
57207,798
57207,912
57213,94
57213,963
57224,34
57224,738
57224,893
57226,911
57240,29
57261,840
57262,139
57262,200
57262,223
57262,753
57262,760
57262,786
57262,808
57262,818
57262,914
57274,71
57274,993
57275,24
57325,189
57325,200
57325,914
57331,137
57331,993
57378,924
57389,5
57389,805
57394,840
57415,791
57498,786
57509,739
57509,843
57509,1011
57553,5
57553,805
57565,94
57574,780
57594,738
57594,819
57594,893
57605,8
57612,137
57623,34
57650,81
57650,949
57651,209
57651,949
57685,149
57689,155
57705,149
57705,780
57731,29
57742,50
57765,795
57765,897
57766,798
57865,94
57865,131
57882,238
57882,880
57926,874
57983,138
57983,176
57983,840
57993,60
58024,874
58040,894
58091,841
58118,158
58148,208
58176,189
58176,224
58176,914
58176,924
58179,952
58280,149
58289,894
58324,72
58324,142
58324,176
58324,192
58324,238
58332,208
58333,938
58352,786
58366,738
58366,893
58366,961
58370,129
58370,131
58370,158
58382,147
58468,223
58468,753
58483,149
58483,158
58483,910
58487,129
58487,738
58487,874
58500,179
58520,788
58527,153
58527,681
58558,798
58558,912
58590,163
58590,192
58590,193
58590,808
58590,840
58652,905
58680,791
58681,791
58685,880
58685,930
58739,748
58739,821
58831,779
58832,736
58832,843
58833,92
58833,122
58833,163
58833,192
58833,736
58833,840
58836,21
58836,91
58836,840
58859,123
58859,736
58859,808
58864,14
58864,739
58864,843
58864,889
58864,1011
58915,48
58915,49
58915,137
58915,189
58915,971
58945,34
58945,738
58945,893
58955,169
58971,885
59003,934
59056,60
59064,163
59064,840
59142,198
59182,148
59244,809
59260,123
59260,840
59295,24
59298,197
59300,35
59339,750
59345,29
59345,966
59354,952
59408,84
59426,123
59455,750
59456,924
59462,88
59462,189
59467,132
59481,937
59502,966
59507,748
59507,780
59507,821
59542,8
59542,108
59604,200
59604,914
59610,123
59639,189
59639,914
59664,214
59688,940
59698,780
59711,885
59770,788
59770,808
59770,954
59775,158
59776,158
59776,910
59822,97
59844,192
59844,779
59844,954
59848,81
59906,788
59907,850
59911,786
59915,897
59927,191
59927,206
59927,840
59928,840
59958,148
59974,795
59975,207
59975,874
59991,108
60046,108
60080,894
60114,910
60119,200
60119,914
60178,20
60178,75
60178,100
60178,909
60178,955
60178,975
60205,780
60243,84
60266,96
60266,131
60266,808
60266,978
60276,212
60276,779
60306,84
60324,779
60325,796
60396,780
60447,24
60447,34
60464,753
60464,760
60518,948
60584,820
60584,993
60650,958
60658,753
60684,24
60701,993
60702,147
60702,961
60709,1000
60720,786
60772,939
60772,978
60773,21
60773,890
60773,905
60791,129
60791,158
60791,795
60791,897
60791,911
60800,130
60846,113
60846,978
60877,840
60900,791
60953,207
61013,81
61013,949
61057,15
61105,795
61121,971
61132,813
61132,894
61141,94
61169,129
61178,131
61188,131
61209,137
61254,192
61256,35
61300,739
61300,813
61301,894
61302,29
61352,24
61366,760
61382,8
61383,924
61396,35
61396,107
61418,74
61418,100
61418,155
61418,760
61418,852
61418,960
61432,158
61432,963
61444,148
61447,129
61447,988
61448,137
61459,780
61487,931
61547,791
61553,130
61553,809
61562,840
61587,30
61587,158
61597,840
61626,137
61699,791
61702,798
61702,912
61721,748
61721,821
61722,820
61735,200
61735,914
61767,138
61799,779
61805,34
61805,158
61821,886
61827,736
61827,808
61827,840
61837,30
61873,786
61873,924
61896,81
61909,141
61909,886
61918,840
61918,930
61995,139
61995,192
61995,818
62001,108
62016,911
62046,738
62046,893
62053,44
62062,780
62074,29
62088,148
62088,155
62088,192
62088,238
62088,795
62102,798
62102,912
62127,148
62157,94
62172,29
62222,148
62287,158
62298,736
62386,137
62386,189
62386,200
62386,224
62386,914
62390,795
62416,66
62416,129
62416,795
62416,935
62468,781
62541,780
62541,872
62541,891
62545,793
62549,924
62610,841
62610,963
62653,158
62653,802
62653,988
62673,200
62673,914
62673,1008
62727,791
62770,1008
62790,163
62796,952
62839,34
62839,131
62839,147
62839,998
62904,5
62904,805
62905,5
62905,750
62905,805
62941,8
62958,94
62958,131
62960,94
62960,753
62960,760
62965,780
63001,738
63001,793
63001,874
63016,940
63020,129
63022,780
63066,936
63089,147
63089,736
63089,977
63089,998
63095,129
63095,158
63095,988
63138,48
63145,780
63184,738
63184,893
63184,923
63188,225
63188,821
63218,94
63222,104
63222,840
63229,81
63238,808
63257,71
63257,197
63263,94
63307,840
63337,108
63369,738
63369,893
63433,196
63470,954
63493,952
63495,131
63495,972
63496,100
63496,178
63496,852
63496,960
63502,148
63502,739
63502,843
63502,1011
63518,94
63518,883
63538,948
63565,50
63584,224
63634,738
63634,893
63641,91
63641,173
63641,317
63641,840
63681,223
63682,840
63694,35
63709,30
63709,129
63733,24
63733,890
63800,841
63824,978
63826,158
63826,910
63826,911
63826,935
63837,972
63860,200
63860,914
63874,189
63874,924
63874,972
63875,750
63877,905
63889,100
63889,852
63889,960
63933,874
63933,961
63943,24
63948,139
63948,148
63948,840
63959,129
63959,750
63959,910
64008,780
64022,94
64110,75
64110,131
64110,736
64110,955
64110,963
64110,975
64137,840
64155,753
64201,5
64201,805
64218,760
64221,779
64248,43
64250,49
64282,753
64282,760
64282,955
64282,975
64283,841
64329,71
64329,918
64345,148
64354,964
64360,128
64380,959
64392,141
64392,886
64433,874
64452,809
64452,897
64460,84
64461,949
64497,889
64502,189
64503,137
64503,189
64503,223
64503,971
64535,200
64535,914
64577,6
64577,317
64577,739
64577,843
64577,1011
64600,821
64606,889
64606,978
64607,66
64607,129
64607,209
64607,897
64607,938
64636,736
64640,739
64640,880
64671,132
64711,34
64722,791
64740,786
64782,171
64789,168
64825,780
64842,158
64842,801
64842,802
64877,750
64877,800
64877,961
64943,963
64961,94
64962,94
64972,21
64972,24
64985,1008
64988,30
64988,750
64988,966
64995,8
64995,24
64995,72
65095,24
65096,35
65107,911
65168,886
65227,20
65227,151
65227,192
65227,736
65227,808
65227,840
65250,978
65255,94
65291,813
65309,779
65309,919
65396,5
65396,805
65397,5
65397,805
65435,885
65448,760
65497,966
65507,108
65526,35
65526,36
65527,738
65527,893
65537,963
65556,750
65565,786
65568,738
65568,893
65569,796
65575,874
65609,196
65678,139
65678,818
65724,214
65739,208
65756,137
65756,139
65756,189
65756,200
65756,223
65756,753
65756,760
65756,818
65756,993
65789,948
65797,149
65809,29
65826,97
65826,140
65841,34
65841,84
65855,123
65872,29
65924,788
65924,813
65992,791
66029,1004
66102,94
66106,798
66113,88
66113,238
66119,84
66129,158
66138,5
66138,805
66139,955
66139,975
66146,131
66146,736
66146,808
66146,954
66154,993
66164,971
66240,53
66241,29
66246,739
66246,843
66246,1011
66260,30
66260,885
66260,975
66261,200
66261,914
66293,930
66310,117
66312,147
66312,752
66312,791
66320,952
66328,29
66328,131
66336,123
66336,736
66336,840
66352,100
66370,886
66377,753
66377,760
66377,924
66377,972
66397,192
66402,192
66414,29
66431,791
66454,791
66455,97
66455,140
66480,840
66489,137
66491,137
66492,788
66502,224
66524,34
66524,158
66524,752
66543,753
66543,966
66563,15
66568,6
66568,790
66568,880
66568,930
66571,5
66571,805
66606,139
66606,753
66606,760
66606,840
66619,11
66629,791
66629,923
66633,910
66633,935
66664,911
66672,780
66686,952
66694,893
66744,137
66745,94
66745,738
66745,874
66745,893
66761,108
66822,190
66893,24
66932,34
66933,29
66933,738
66933,893
66950,786
66955,129
66955,798
66984,148
67029,840
67030,748
67030,821
67073,158
67073,802
67076,112
67076,137
67076,189
67076,786
67076,977
67090,223
67090,1008
67104,9
67104,11
67104,20
67104,163
67104,202
67104,963
67114,907
67131,158
67159,132
67162,1000
67180,204
67187,798
67187,912
67210,8
67210,24
67210,132
67262,798
67262,874
67262,912
67265,20
67265,192
67342,29
67384,123
67384,151
67384,155
67384,840
67387,748
67387,821
67387,998
67389,798
67417,780
67417,821
67417,975
67425,29
67430,129
67430,750
67430,801
67430,961
67464,840
67464,939
67464,940
67557,780
67569,81
67569,840
67573,149
67588,934
67591,110
67624,840
67624,991
67641,988
67666,5
67666,805
67684,223
67700,29
67737,874
67785,81
67787,110
67788,5
67788,805
67830,148
67915,930
67943,139
67994,964
68013,971
68024,131
68024,963
68027,911
68043,24
68043,796
68080,200
68080,914
68080,1008
68113,192
68113,206
68113,840
68117,208
68143,131
68143,748
68143,821
68151,936
68155,840
68155,991
68163,29
68164,29
68177,791
68183,738
68183,893
68192,129
68192,841
68192,978
68207,963
68208,24
68214,940
68243,788
68243,989
68243,990
68251,29
68275,795
68318,874
68334,155
68334,192
68334,955
68334,975
68355,35
68355,36
68362,50
68373,798
68373,912
68377,189
68377,914
68377,1008
68403,137
68439,738
68439,801
68439,893
68443,81
68462,977
68477,8
68507,788
68507,954
68536,49
68547,97
68559,131
68584,35
68584,36
68622,141
68624,940
68706,208
68707,94
68711,50
68729,179
68731,84
68777,130
68804,131
68804,748
68804,821
68843,8
68843,24
68865,748
68865,821
68905,108
68920,802
68929,204
68938,739
68938,843
68938,1011
68955,84
69060,779
69097,192
69110,5
69110,805
69147,750
69147,897
69179,136
69181,201
69186,43
69187,141
69187,149
69187,886
69192,101
69192,113
69192,155
69192,215
69192,840
69268,748
69268,821
69268,963
69272,919
69337,71
69338,798
69338,874
69338,912
69343,35
69343,36
69383,889
69403,780
69406,35
69406,36
69419,137
69491,780
69532,813
69549,132
69550,140
69554,101
69554,939
69554,940
69554,978
69555,736
69555,840
69573,179
69573,225
69607,158
69607,795
69609,24
69656,131
69656,141
69656,978
69682,813
69682,894
69718,780
69739,958
69752,954
69761,148
69761,155
69761,178
69791,8
69814,131
69814,885
69837,798
69841,60
69883,978
69900,176
69906,137
69906,200
69906,914
69916,936
69923,788
69923,948
69924,948
71240,48
71240,996
72387,139
72387,818
72387,917
78349,50
78349,101
84273,948
84322,966
84324,738
84324,893
84326,750
84328,791
84345,780
84345,1004
84350,738
84350,893
84363,874
84380,963
84385,795
84388,791
84393,874
84393,961
84401,819
84401,948
84404,122
84404,192
84404,753
84404,760
84404,840
84405,163
84405,753
84405,760
84405,954
84407,818
84421,886
84441,923
84464,934
84466,753
84486,738
84486,893
84497,966
84498,753
84498,760
84513,748
84513,821
84522,886
84529,897
84545,317
84582,738
84582,893
84590,961
84591,874
84613,1004
84617,886
84648,748
84648,821
84654,890
84665,978
84674,948
84693,22
84706,924
84737,748
84737,821
84752,966
84754,821
84757,780
84786,137
84788,795
84815,851
84815,879
84831,1008
84854,891
84866,748
84866,821
84866,907
84866,977
84876,738
84876,819
84876,893
84876,948
84922,978
84927,739
84957,851
84984,800
84985,800
84985,961
84986,800
84987,800
84990,800
84990,874
84992,800
84992,874
84995,800
84995,874
84996,800
84999,800
85004,800
85090,791
85136,791
85218,795
85221,966
85232,795
85239,795
85272,791
85276,748
85276,821
85327,795
85378,795
85379,795
85380,795
85391,791
85393,795
85394,795
85395,795
85410,872
85410,975
85412,872
85412,975
85416,748
85416,821
85417,840
85417,890
85417,978
85418,840
85419,151
85419,225
85431,739
85433,739
85443,817
85444,954
85449,820
85485,95
85494,5
85497,805
85498,157
85538,952
85539,952
85541,952
85542,952
85544,952
85546,952
85547,952
85554,952
85580,874
85581,1004
85613,738
85613,874
85613,893
85613,919
85615,874
85626,843
85626,894
85644,958
85646,214
85651,894
85652,949
85654,109
85656,939
85662,15
85694,840
85767,930
85780,930
85811,930
85842,874
85936,874
85937,738
85937,893
85950,739
85950,941
85950,998
85950,1011
86169,843
86178,840
86178,983
86178,991
86179,840
86179,983
86179,991
86180,840
86180,983
86180,991
86181,840
86181,983
86181,991
86303,149
86398,748
86398,821
86408,1008
86509,967
86540,1008
86559,918
86561,923
86568,923
86608,935
86638,750
86638,897
86662,967
86663,736
86663,954
86741,897
86748,937
86748,994
86753,961
86755,874
86820,961
86821,738
86821,893
86822,937
86822,994
86822,1010
86823,935
86823,994
86825,989
86827,738
86827,893
86838,948
86839,966
86840,924
86841,897
86854,935
86854,994
86857,897
86858,978
86863,139
86877,978
86905,874
86906,948
86909,936
86909,994
86910,897
86914,976
86938,963
86939,874
86940,897
86946,886
86947,883
86963,886
86970,820
86970,886
87031,790
87032,95
87033,95
87034,790
87035,95
87036,95
87038,95
87039,95
87078,850
87135,874
87239,874
87240,931
87255,95
87316,966
87327,818
87328,753
87328,760
87328,975
87329,748
87329,821
87371,814
87371,1000
87423,101
87604,872
87605,753
87605,886
87730,955
87731,897
87887,209
87927,814
87927,978
87927,1000
88077,814
88077,978
88077,1000
88078,814
88078,930
88078,1000
88079,814
88079,1000
88080,814
88080,1000
88082,814
88082,1000
88084,814
88084,843
88085,814
88085,843
88086,814
88087,814
88087,843
88088,814
88089,814
88089,843
88090,814
88091,814
88091,843
88092,814
88092,843
88093,814
88093,843
88094,814
88096,814
88097,814
88115,996
88121,964
88124,548
88124,736
88124,840
88125,937
88240,886
88240,976
88245,963
88272,848
88272,934
88272,950
88273,848
88273,934
88365,820
88373,874
88373,954
88374,897
88376,941
88379,820
88403,874
88407,874
88408,939
88445,919
88510,876
88527,948
88532,874
88586,840
88592,850
88600,850
88601,850
88637,885
88657,978
88759,904
88807,850
88823,850
88826,850
88846,850
88878,874
88924,876
88925,840
88925,848
88925,890
89347,850
89356,850
89375,850
89562,850
89607,841
89625,850
89727,850
89728,850
89878,850
89879,850
90122,850
90124,850
90155,897
90160,820
90162,888
90356,876
90356,963
90451,897
90457,888
90483,738
90483,882
90483,893
90484,757
90519,44
90520,44
90522,848
90538,817
90628,919
90629,848
90691,140
90791,963
90796,752
90798,851
90799,851
90804,851
90805,927
90806,927
90809,923
90857,1008
90907,817
90937,738
90937,885
90937,893
90938,885
90939,885
90940,885
90941,885
90942,885
90943,885
90944,885
90945,738
90945,885
90945,893
90945,955
90946,921
90948,885
90949,885
90951,885
90952,848
90952,885
90953,885
90954,885
90956,885
90957,848
90957,885
90958,885
90959,885
90960,885
90960,966
91108,840
91109,978
91123,848
91125,760
91126,848
91132,760
91132,924
91266,959
91352,760
91352,893
91353,893
91354,760
91354,893
91355,760
91355,893
91357,874
91357,961
91410,880
91413,998
91722,848
92195,876
92209,748
92209,821
92210,974
92741,927
92789,927
92798,927
92822,927
92851,927
92862,927
92863,927
92865,927
92872,927
92960,947
92962,752
92963,752
92969,752
93003,752
93005,752
93072,897
93073,939
93075,978
93076,904
93077,998
93081,874
93082,874
93082,978
93085,931
93086,876
93086,893
93088,821
93122,817
93125,954
93128,998
93136,752
93137,752
93141,752
93142,752
93143,752
93148,752
93202,897
93214,876
93217,897
93219,885
93221,848
93221,885
93221,921
93239,752
93240,752
93246,752
93259,752
93266,988
93268,988
93269,988
93272,969
93273,874
93273,939
93273,969
93284,897
93311,850
93338,897
93401,757
93425,752
93425,909
93455,840
93455,930
93461,482
93461,840
93560,57
93746,75
93747,975
93935,757
93937,757
93938,757
93939,757
93940,757
93941,757
93942,757
93943,757
93944,757
93946,757
93947,757
93948,757
93949,757
93950,757
93951,757
93951,894
93952,757
93955,757
93956,757
93957,757
93958,757
93960,757
93961,757
93962,757
93963,757
93966,757
93968,757
93969,757
93971,757
93972,757
93973,757
93974,757
93975,757
93976,757
93977,820
93979,757
93980,757
93981,757
93982,757
93985,757
93986,757
93987,757
93988,757
93989,757
93990,757
93991,757
93997,757
93998,757
93999,757
94002,757
94003,757
94004,757
94005,757
94006,757
94007,757
94009,757
94473,821
94741,938
94742,876
94742,924
94742,961
94744,873
95093,897
95235,966
95238,923
95238,966
95242,893
95242,923
95242,966
95243,874
95244,966
95396,851
95396,923
95397,851
95398,923
95399,851
95400,851
95403,760
95403,874
95845,821
95874,886
95875,923
95876,923
95903,892
95937,892
95938,892
95939,892
95941,892
95944,892
95945,892
95946,892
95947,892
95949,23
95949,892
95952,892
95953,892
95959,892
95960,892
95963,892
95967,892
95969,26
95969,891
95969,892
95970,892
95972,892
95974,892
95976,892
95977,892
95978,892
95983,892
95984,892
95986,892
95990,892
95996,892
96000,892
96006,891
96006,892
96008,821
96008,892
96009,892
96015,892
96020,892
96021,892
96022,892
96024,892
96027,821
96027,892
96028,892
96030,892
96033,892
96033,998
96038,892
96039,892
96040,892
96043,892
96044,892
96053,892
96054,892
96055,821
96055,892
96057,892
96059,892
96061,892
96064,848
96064,892
96065,892
96067,892
96080,892
96082,892
96084,892
96086,892
96090,885
96091,892
96093,892
96094,892
96098,892
96105,892
96110,892
96112,892
96114,892
96115,892
96116,892
96118,892
96144,851
96144,879
96144,923
96371,848
96372,929
96392,897
96462,26
96462,876
96462,892
97186,848
97186,886
97265,904
97405,882
97405,924
97405,972
97412,851
97412,879
97412,923
97412,973
97488,886
97812,821
97822,851
98035,876
98114,848
98115,851
98115,893
98121,893
98122,874
98122,923
98122,966
98123,851
98123,966
98555,840
98929,954
98930,820
98958,873
98958,892
98959,851
98959,873
98959,892
98962,821
98963,976
98965,874
98966,888
98981,848
98981,893
98982,888
98982,966
98983,893
98984,848
98987,876
98993,872
98995,886
98996,841
98996,924
98996,963
98997,876
98998,876
98999,876
98999,924
99018,961
99109,848
99303,936
99491,927
99544,936
99544,994
99595,927
99596,927
99597,927
99598,927
99599,927
99610,927
99611,927
99655,842
99726,888
99727,879
99730,879
99733,879
99760,848
99760,897
99768,848
99773,874
99775,874
99776,748
99776,821
99790,897
99790,988
99796,893
99796,924
99805,848
99806,949
99943,851
99943,879
99990,897
99991,173
100000,848
100002,876
100002,893
100002,907
100002,961
100006,840
100006,888
100060,879
100061,876
100061,967
100074,885
100074,955
100076,919
100076,923
100077,927
100080,851
100090,929
100091,904
100095,876
100106,850
100115,904
100172,904
100173,937
100173,938
100180,904
100242,893
100242,972
100243,886
100245,886
100248,886
100251,886
100268,821
100275,876
100275,963
100302,850
100322,851
100322,874
100328,848
100328,954
100336,876
100337,892
100339,840
100347,978
100351,874
100352,874
100352,923
100352,963
100353,874
100360,885
100373,917
100497,894
100549,924
100549,993
100561,817
100562,817
100563,817
100564,876
100696,904
100701,876
100701,972
100706,876
100706,963
100769,136
100769,876
100771,929
100870,978
100871,886
100958,978
100959,874
101232,927
101268,966
101271,897
101272,897
101273,897
101273,937
101273,994
101298,888
101298,972
101440,851
101440,879
101521,876
101530,897
101532,948
101537,883
101695,879
101695,923
101695,973
101794,888
101795,888
101898,897
101899,876
101900,874
101901,917
101902,969
101904,976
101905,876
101906,893
101907,924
101909,874
101912,893
101914,904
101916,897
101917,893
101919,966
101953,876
101955,886
101957,886
101964,886
101969,876
101969,967
101980,902
102257,888
102313,904
102426,872
102499,929
102501,929
102502,240
102502,888
102540,954
102543,885
102556,873
102556,919
102585,873
102591,873
102753,888
102754,888
102797,841
102868,978
102874,904
102874,976
102875,897
102876,939
102877,904
103034,897
103036,927
103037,879
103038,904
103070,888
103070,1012
103177,946
103178,923
103178,973
103180,879
103180,923
103186,888
103187,924
103201,888
103201,904
103201,978
103208,888
103208,963
103210,879
103210,927
103211,879
103222,927
103231,927
103297,888
103299,883
103309,929
103311,927
103320,877
103335,877
103335,923
103336,877
103345,892
103399,880
103405,840
103405,904
103406,840
103406,880
103406,904
103649,881
103653,881
103654,881
103655,881
103661,881
103663,881
103666,881
103666,927
103667,881
103668,881
103668,927
103671,881
103740,978
103823,886
103834,886
103846,886
103923,883
103952,883
103966,961
103975,888
103975,955
103983,886
103985,888
103986,917
103988,902
103990,902
103990,988
103993,904
103995,897
104003,902
104005,840
104005,902
104005,991
104038,897
104038,988
104039,988
104047,902
104050,902
104051,897
104053,897
104055,897
104056,897
104057,904
104068,897
104070,988
104071,897
104086,902
104103,897
104107,902
104114,902
104123,936
104125,902
104128,952
104133,988
104149,897
104164,929
104179,963
104205,882
104206,924
104206,972
104213,882
104231,946
104236,904
104236,924
104271,888
104272,888
104289,882
104289,924
104289,972
104290,882
104290,924
104290,972
104291,882
104291,924
104291,972
104292,882
104292,924
104292,972
104297,882
104297,1018
104658,886
104658,927
104685,886
104812,820
104812,941
104930,897
104931,889
104931,988
104940,984
104981,897
104988,969
105124,969
105126,883
105349,923
105351,897
105366,917
105376,917
105377,917
105427,884
105428,884
105523,961
105559,917
105632,893
105647,904
105647,954
105656,988
105773,904
105773,923
105773,973
105774,929
105784,935
105785,929
105785,963
105788,919
105790,904
105790,977
105792,886
105827,923
105827,961
105856,917
105858,917
105882,889
105882,934
105882,967
106167,897
106304,840
106304,905
106306,967
106339,893
106406,893
106406,955
106437,888
106437,976
106673,946
106677,974
106717,904
106718,904
106719,904
106739,904
106744,883
106850,917
106910,889
106910,969
106911,978
106912,904
106912,927
106913,904
106913,927
106926,895
106926,995
106929,895
106995,840
106995,904
107206,929
107387,888
107478,888
107478,904
107478,923
107499,917
107843,897
108047,917
108048,917
108054,917
108345,917
108440,909
108441,917
108443,976
108443,978
108465,996
108529,907
108573,972
108638,936
108640,917
108710,917
108790,904
109034,917
109038,972
109201,978
109282,917
109282,984
109288,929
109291,946
109292,946
109293,840
109295,946
109321,929
109344,929
109406,927
109408,917
109476,843
109476,1011
109661,978
109698,904
109700,888
109700,904
109700,927
109700,1011
109745,917
109873,946
109935,907
110052,963
110097,928
110098,928
110309,935
110311,927
110312,961
110313,927
110315,929
110316,930
110316,946
110392,897
110392,988
110435,927
110435,995
110436,929
110437,927
110442,978
110443,975
110445,1004
110449,919
110450,929
110454,946
110456,929
110456,963
110468,946
110473,929
110503,918
110510,929
110511,929
110512,961
110609,927
110629,929
110630,929
110677,929
110812,840
110812,916
110823,916
110863,840
111014,927
111045,971
111068,971
111073,971
111076,971
111141,971
111156,971
111222,929
111582,929
111585,927
111586,929
111591,935
111593,927
111757,997
111758,997
111769,929
111785,917
111785,923
111785,973
111870,942
111873,974
111972,935
112005,917
112189,921
112199,921
112257,929
112258,946
112263,974
112263,978
112265,946
112267,924
112267,929
112267,978
112268,927
112268,995
112542,927
112579,924
112666,929
112669,927
112777,946
112780,927
112801,929
112803,974
112804,929
112804,978
112816,973
112818,920
112839,927
112844,946
112896,961
112984,934
112995,930
113035,927
113036,927
113037,927
113037,961
113096,929
113137,840
113138,946
113151,946
113172,927
113185,927
113189,967
113264,927
113265,927
113265,961
113266,927
113271,946
113273,946
113305,946
113361,977
113367,946
113368,974
113369,946
113488,974
113494,974
113496,974
113497,974
113515,947
113518,947
113523,947
113524,947
113525,947
113526,947
113530,947
113534,947
113823,923
113823,973
114035,923
114035,973
114035,979
114225,946
114226,946
114227,946
114228,946
114304,946
114305,1004
114622,967
114822,946
114823,946
114826,946
114834,931
114840,946
114913,974
114939,930
115039,974
115066,946
115066,954
115067,966
115079,966
115109,1007
115114,996
115215,946
115215,954
115222,946
115404,974
115505,974
115506,973
115526,973
115585,946
115585,971
115586,930
115586,1010
115592,931
115593,931
115607,840
115614,932
115614,973
115614,996
115632,963
115636,946
115637,969
115704,946
115708,966
115709,1018
115711,974
115715,995
115716,840
115777,961
115778,974
115779,974
115899,961
115919,946
115994,840
116374,963
116375,963
116482,973
116482,974
116483,974
116483,975
116484,974
116494,969
116494,978
116712,944
116712,995
116718,974
116848,974
116850,963
116851,975
116859,974
116861,978
116862,974
116990,961
116991,961
117014,967
117099,961
117245,961
117248,961
117256,961
117270,961
117273,961
117275,961
117278,961
117279,961
117284,961
117292,961
117522,996
117533,974
117535,996
117546,1007
117549,963
117550,963
117551,974
117626,975
117628,974
117631,967
117632,974
117664,963
117674,974
117704,974
117708,1007
117816,972
117945,972
118021,840
118370,963
118394,969
118432,972
118516,975
118536,969
118626,961
118648,961
118696,996
118778,981
118784,945
118784,972
118785,974
118785,995
118787,995
118790,966
118793,973
118901,1007
118924,966
118939,995
118956,961
118994,995
118997,995
119015,990
119017,990
119018,990
119020,990
119021,989
119024,990
119026,989
119028,976
119030,989
119031,989
119032,989
119033,990
119035,989
119036,989
119036,990
119039,989
119041,989
119043,989
119044,990
119045,989
119047,989
119048,989
119049,989
119061,989
119062,990
119068,990
119070,989
119073,989
119074,990
119075,990
119078,990
119080,989
119085,989
119086,990
119088,990
119089,990
119090,989
119090,990
119093,989
119094,989
119094,990
119096,990
119098,989
119099,990
119100,990
119105,990
119106,978
119275,966
119275,1007
119513,978
119574,919
119791,840
121054,990
121056,990
121057,989
121060,990
121061,990
121062,989
121188,995
121246,995
121259,1018
121262,1007
121307,976
121311,996
121312,995
121319,999
121319,1007
121328,961
121337,973
121341,996
121352,972
121380,966
121387,961
121389,961
121390,961
121391,961
121413,995
121415,995
121416,995
121417,995
121418,995
121419,995
121421,995
121422,995
121446,995
121447,995
121530,969
121607,961
121719,996
121720,996
121765,966
121766,994
121776,976
121786,999
121790,996
121792,995
121793,995
121794,995
121795,995
121856,843
121857,843
121858,843
121932,954
121933,996
121934,976
121959,996
121970,995
121977,996
121995,996
122026,996
122082,1018
122175,961
122641,995
122668,995
122688,996
122864,995
122869,996
123303,978
123303,995
123309,995
123343,977
123358,996
123359,1018
123360,996
123361,996
123362,996
123483,840
123484,843
123484,1011
123512,1018
123516,996
123517,996
123521,996
123548,996
123599,978
123670,984
123748,1007
123785,1007
123786,1007
123788,1018
123789,1018
123800,995
123801,1007
123802,954
123809,978
123829,995
123868,995
123870,995
123873,995
123904,972
123905,997
123910,1000
123971,997
123977,1007
123978,1007
124056,995
124079,978
124082,1007
124159,998
124200,978
124202,978
124316,995
124356,978
124356,995
124361,1007
124379,998
124413,998
124430,995
124431,995
124436,995
124544,995
124549,995
124894,997
124926,995
124988,1007
125212,1007
125255,995
125256,919
125370,995
125486,995
125487,995
125488,995
125489,995
125495,1007
125527,1007
125559,978
125561,919
125563,1007
125667,1007
125691,1007
125741,1018
125997,1007
126197,1018
126205,978
126228,1018
126261,1007
126323,1007
126324,1007
126325,1007
126410,1007
126411,1007
126440,1007
126896,1007
126934,988
